"Required value missing","Last Name (last_name)",NULL,2
"Required value missing","Last Name (last_name)",NULL,3
"Required value missing","Last Name (last_name)",NULL,4
"Required value missing","Last Name (last_name)",NULL,5
"Required value missing","Last Name (last_name)",NULL,6
"Required value missing","Last Name (last_name)",NULL,7
"Required value missing","Last Name (last_name)",NULL,8
"Required value missing","Last Name (last_name)",NULL,9
"Required value missing","Last Name (last_name)",NULL,10
"Required value missing","Last Name (last_name)",NULL,11
"Required value missing","Last Name (last_name)",NULL,12
"Required value missing","Last Name (last_name)",NULL,13
"Required value missing","Last Name (last_name)",NULL,14
"Required value missing","Last Name (last_name)",NULL,15
"Required value missing","Last Name (last_name)",NULL,16
"Required value missing","Last Name (last_name)",NULL,17
"Required value missing","Last Name (last_name)",NULL,18
"Required value missing","Last Name (last_name)",NULL,19
"Required value missing","Last Name (last_name)",NULL,20
